Feedback,Label
Very responsive freelancer who exceeded expectations. Review instance 1.,VeryPositive
Great experience working together and would hire again. Review instance 2.,VeryPositive
Very responsive freelancer who exceeded expectations. Review instance 3.,VeryPositive
Very responsive freelancer who exceeded expectations. Review instance 4.,VeryPositive
Very responsive freelancer who exceeded expectations. Review instance 5.,VeryPositive
Excellent work delivered ahead of schedule with clear communication. Review instance 6.,VeryPositive
Outstanding quality and professional project execution. Review instance 7.,VeryPositive
High quality code with thorough testing and documentation. Review instance 8.,VeryPositive
High quality code with thorough testing and documentation. Review instance 9.,VeryPositive
Great experience working together and would hire again. Review instance 10.,VeryPositive
Great experience working together and would hire again. Review instance 11.,VeryPositive
Great experience working together and would hire again. Review instance 12.,VeryPositive
Excellent work delivered ahead of schedule with clear communication. Review instance 13.,VeryPositive
Excellent work delivered ahead of schedule with clear communication. Review instance 14.,VeryPositive
High quality code with thorough testing and documentation. Review instance 15.,VeryPositive
Excellent work delivered ahead of schedule with clear communication. Review instance 16.,VeryPositive
Outstanding quality and professional project execution. Review instance 17.,VeryPositive
Great experience working together and would hire again. Review instance 18.,VeryPositive
Excellent work delivered ahead of schedule with clear communication. Review instance 19.,VeryPositive
Outstanding quality and professional project execution. Review instance 20.,VeryPositive
Great experience working together and would hire again. Review instance 21.,VeryPositive
High quality code with thorough testing and documentation. Review instance 22.,VeryPositive
Very responsive freelancer who exceeded expectations. Review instance 23.,VeryPositive
Very responsive freelancer who exceeded expectations. Review instance 24.,VeryPositive
Excellent work delivered ahead of schedule with clear communication. Review instance 25.,VeryPositive
High quality code with thorough testing and documentation. Review instance 26.,VeryPositive
Excellent work delivered ahead of schedule with clear communication. Review instance 27.,VeryPositive
Very responsive freelancer who exceeded expectations. Review instance 28.,VeryPositive
Outstanding quality and professional project execution. Review instance 29.,VeryPositive
High quality code with thorough testing and documentation. Review instance 30.,VeryPositive
Excellent work delivered ahead of schedule with clear communication. Review instance 31.,VeryPositive
Outstanding quality and professional project execution. Review instance 32.,VeryPositive
Outstanding quality and professional project execution. Review instance 33.,VeryPositive
High quality code with thorough testing and documentation. Review instance 34.,VeryPositive
Very responsive freelancer who exceeded expectations. Review instance 35.,VeryPositive
High quality code with thorough testing and documentation. Review instance 36.,VeryPositive
Outstanding quality and professional project execution. Review instance 37.,VeryPositive
High quality code with thorough testing and documentation. Review instance 38.,VeryPositive
Outstanding quality and professional project execution. Review instance 39.,VeryPositive
High quality code with thorough testing and documentation. Review instance 40.,VeryPositive
Excellent work delivered ahead of schedule with clear communication. Review instance 41.,VeryPositive
Excellent work delivered ahead of schedule with clear communication. Review instance 42.,VeryPositive
High quality code with thorough testing and documentation. Review instance 43.,VeryPositive
Great experience working together and would hire again. Review instance 44.,VeryPositive
Outstanding quality and professional project execution. Review instance 45.,VeryPositive
Very responsive freelancer who exceeded expectations. Review instance 1.,Positive
Outstanding quality and professional project execution. Review instance 2.,Positive
High quality code with thorough testing and documentation. Review instance 3.,Positive
Outstanding quality and professional project execution. Review instance 4.,Positive
High quality code with thorough testing and documentation. Review instance 5.,Positive
Great experience working together and would hire again. Review instance 6.,Positive
Outstanding quality and professional project execution. Review instance 7.,Positive
Excellent work delivered ahead of schedule with clear communication. Review instance 8.,Positive
Great experience working together and would hire again. Review instance 9.,Positive
Excellent work delivered ahead of schedule with clear communication. Review instance 10.,Positive
High quality code with thorough testing and documentation. Review instance 11.,Positive
Great experience working together and would hire again. Review instance 12.,Positive
Outstanding quality and professional project execution. Review instance 13.,Positive
Great experience working together and would hire again. Review instance 14.,Positive
Outstanding quality and professional project execution. Review instance 15.,Positive
Great experience working together and would hire again. Review instance 16.,Positive
Excellent work delivered ahead of schedule with clear communication. Review instance 17.,Positive
Outstanding quality and professional project execution. Review instance 18.,Positive
Outstanding quality and professional project execution. Review instance 19.,Positive
Very responsive freelancer who exceeded expectations. Review instance 20.,Positive
Great experience working together and would hire again. Review instance 21.,Positive
Excellent work delivered ahead of schedule with clear communication. Review instance 22.,Positive
Outstanding quality and professional project execution. Review instance 23.,Positive
Outstanding quality and professional project execution. Review instance 24.,Positive
Very responsive freelancer who exceeded expectations. Review instance 25.,Positive
Very responsive freelancer who exceeded expectations. Review instance 26.,Positive
Outstanding quality and professional project execution. Review instance 27.,Positive
Outstanding quality and professional project execution. Review instance 28.,Positive
High quality code with thorough testing and documentation. Review instance 29.,Positive
Outstanding quality and professional project execution. Review instance 30.,Positive
Great experience working together and would hire again. Review instance 31.,Positive
High quality code with thorough testing and documentation. Review instance 32.,Positive
Outstanding quality and professional project execution. Review instance 33.,Positive
High quality code with thorough testing and documentation. Review instance 34.,Positive
Outstanding quality and professional project execution. Review instance 35.,Positive
Great experience working together and would hire again. Review instance 36.,Positive
High quality code with thorough testing and documentation. Review instance 37.,Positive
Great experience working together and would hire again. Review instance 38.,Positive
High quality code with thorough testing and documentation. Review instance 39.,Positive
Outstanding quality and professional project execution. Review instance 40.,Positive
High quality code with thorough testing and documentation. Review instance 41.,Positive
Outstanding quality and professional project execution. Review instance 42.,Positive
High quality code with thorough testing and documentation. Review instance 43.,Positive
High quality code with thorough testing and documentation. Review instance 44.,Positive
Great experience working together and would hire again. Review instance 45.,Positive
Work was satisfactory and delivered with acceptable quality. Review instance 1.,Neutral
Requirements were completed though communication could improve. Review instance 2.,Neutral
A decent experience with average project execution. Review instance 3.,Neutral
Project met requirements but needed minor revisions. Review instance 4.,Neutral
Project met requirements but needed minor revisions. Review instance 5.,Neutral
The final product worked as expected after some adjustments. Review instance 6.,Neutral
The final product worked as expected after some adjustments. Review instance 7.,Neutral
The final product worked as expected after some adjustments. Review instance 8.,Neutral
Work was satisfactory and delivered with acceptable quality. Review instance 9.,Neutral
Requirements were completed though communication could improve. Review instance 10.,Neutral
The final product worked as expected after some adjustments. Review instance 11.,Neutral
Requirements were completed though communication could improve. Review instance 12.,Neutral
Requirements were completed though communication could improve. Review instance 13.,Neutral
A decent experience with average project execution. Review instance 14.,Neutral
Work was satisfactory and delivered with acceptable quality. Review instance 15.,Neutral
Work was satisfactory and delivered with acceptable quality. Review instance 16.,Neutral
Requirements were completed though communication could improve. Review instance 17.,Neutral
Work was satisfactory and delivered with acceptable quality. Review instance 18.,Neutral
The final product worked as expected after some adjustments. Review instance 19.,Neutral
Work was satisfactory and delivered with acceptable quality. Review instance 20.,Neutral
The final product worked as expected after some adjustments. Review instance 21.,Neutral
Requirements were completed though communication could improve. Review instance 22.,Neutral
Work was satisfactory and delivered with acceptable quality. Review instance 23.,Neutral
Requirements were completed though communication could improve. Review instance 24.,Neutral
Project met requirements but needed minor revisions. Review instance 25.,Neutral
Work was satisfactory and delivered with acceptable quality. Review instance 26.,Neutral
Work was satisfactory and delivered with acceptable quality. Review instance 27.,Neutral
A decent experience with average project execution. Review instance 28.,Neutral
Requirements were completed though communication could improve. Review instance 29.,Neutral
A decent experience with average project execution. Review instance 30.,Neutral
The final product worked as expected after some adjustments. Review instance 31.,Neutral
Requirements were completed though communication could improve. Review instance 32.,Neutral
Project met requirements but needed minor revisions. Review instance 33.,Neutral
Project met requirements but needed minor revisions. Review instance 34.,Neutral
Work was satisfactory and delivered with acceptable quality. Review instance 35.,Neutral
The final product worked as expected after some adjustments. Review instance 36.,Neutral
A decent experience with average project execution. Review instance 37.,Neutral
The final product worked as expected after some adjustments. Review instance 38.,Neutral
Work was satisfactory and delivered with acceptable quality. Review instance 39.,Neutral
A decent experience with average project execution. Review instance 40.,Neutral
Work was satisfactory and delivered with acceptable quality. Review instance 41.,Neutral
A decent experience with average project execution. Review instance 42.,Neutral
Work was satisfactory and delivered with acceptable quality. Review instance 43.,Neutral
Project met requirements but needed minor revisions. Review instance 44.,Neutral
The final product worked as expected after some adjustments. Review instance 45.,Neutral
Code quality needs improvement and documentation was lacking. Review instance 1.,Negative
The application contained bugs affecting normal use. Review instance 2.,Negative
Requirements were misunderstood causing rework. Review instance 3.,Negative
Project delivery was delayed and communication was limited. Review instance 4.,Negative
Several features were missing and required follow up. Review instance 5.,Negative
Several features were missing and required follow up. Review instance 6.,Negative
Project delivery was delayed and communication was limited. Review instance 7.,Negative
Requirements were misunderstood causing rework. Review instance 8.,Negative
Requirements were misunderstood causing rework. Review instance 9.,Negative
The application contained bugs affecting normal use. Review instance 10.,Negative
Requirements were misunderstood causing rework. Review instance 11.,Negative
Requirements were misunderstood causing rework. Review instance 12.,Negative
Code quality needs improvement and documentation was lacking. Review instance 13.,Negative
Project delivery was delayed and communication was limited. Review instance 14.,Negative
Several features were missing and required follow up. Review instance 15.,Negative
Project delivery was delayed and communication was limited. Review instance 16.,Negative
Requirements were misunderstood causing rework. Review instance 17.,Negative
Several features were missing and required follow up. Review instance 18.,Negative
Code quality needs improvement and documentation was lacking. Review instance 19.,Negative
Project delivery was delayed and communication was limited. Review instance 20.,Negative
Project delivery was delayed and communication was limited. Review instance 21.,Negative
Requirements were misunderstood causing rework. Review instance 22.,Negative
The application contained bugs affecting normal use. Review instance 23.,Negative
Several features were missing and required follow up. Review instance 24.,Negative
The application contained bugs affecting normal use. Review instance 25.,Negative
Code quality needs improvement and documentation was lacking. Review instance 26.,Negative
Several features were missing and required follow up. Review instance 27.,Negative
The application contained bugs affecting normal use. Review instance 28.,Negative
The application contained bugs affecting normal use. Review instance 29.,Negative
Several features were missing and required follow up. Review instance 30.,Negative
Requirements were misunderstood causing rework. Review instance 31.,Negative
Several features were missing and required follow up. Review instance 32.,Negative
The application contained bugs affecting normal use. Review instance 33.,Negative
The application contained bugs affecting normal use. Review instance 34.,Negative
The application contained bugs affecting normal use. Review instance 35.,Negative
Code quality needs improvement and documentation was lacking. Review instance 36.,Negative
Requirements were misunderstood causing rework. Review instance 37.,Negative
Code quality needs improvement and documentation was lacking. Review instance 38.,Negative
Code quality needs improvement and documentation was lacking. Review instance 39.,Negative
The application contained bugs affecting normal use. Review instance 40.,Negative
Code quality needs improvement and documentation was lacking. Review instance 41.,Negative
Requirements were misunderstood causing rework. Review instance 42.,Negative
Code quality needs improvement and documentation was lacking. Review instance 43.,Negative
Several features were missing and required follow up. Review instance 44.,Negative
Project delivery was delayed and communication was limited. Review instance 45.,Negative
The project was abandoned before completion. Review instance 1.,VeryNegative
Serious performance and stability issues remained unresolved. Review instance 2.,VeryNegative
Communication stopped for long periods during the project. Review instance 3.,VeryNegative
Serious performance and stability issues remained unresolved. Review instance 4.,VeryNegative
Serious performance and stability issues remained unresolved. Review instance 5.,VeryNegative
The project was abandoned before completion. Review instance 6.,VeryNegative
Multiple promised features were never implemented. Review instance 7.,VeryNegative
Communication stopped for long periods during the project. Review instance 8.,VeryNegative
Serious performance and stability issues remained unresolved. Review instance 9.,VeryNegative
Serious performance and stability issues remained unresolved. Review instance 10.,VeryNegative
The solution did not meet requirements and was unusable. Review instance 11.,VeryNegative
Communication stopped for long periods during the project. Review instance 12.,VeryNegative
Serious performance and stability issues remained unresolved. Review instance 13.,VeryNegative
The project was abandoned before completion. Review instance 14.,VeryNegative
Multiple promised features were never implemented. Review instance 15.,VeryNegative
Multiple promised features were never implemented. Review instance 16.,VeryNegative
Multiple promised features were never implemented. Review instance 17.,VeryNegative
The project was abandoned before completion. Review instance 18.,VeryNegative
The solution did not meet requirements and was unusable. Review instance 19.,VeryNegative
The solution did not meet requirements and was unusable. Review instance 20.,VeryNegative
Communication stopped for long periods during the project. Review instance 21.,VeryNegative
The solution did not meet requirements and was unusable. Review instance 22.,VeryNegative
Serious performance and stability issues remained unresolved. Review instance 23.,VeryNegative
The project was abandoned before completion. Review instance 24.,VeryNegative
Communication stopped for long periods during the project. Review instance 25.,VeryNegative
Serious performance and stability issues remained unresolved. Review instance 26.,VeryNegative
Communication stopped for long periods during the project. Review instance 27.,VeryNegative
The solution did not meet requirements and was unusable. Review instance 28.,VeryNegative
Multiple promised features were never implemented. Review instance 29.,VeryNegative
The solution did not meet requirements and was unusable. Review instance 30.,VeryNegative
The solution did not meet requirements and was unusable. Review instance 31.,VeryNegative
Communication stopped for long periods during the project. Review instance 32.,VeryNegative
Communication stopped for long periods during the project. Review instance 33.,VeryNegative
Multiple promised features were never implemented. Review instance 34.,VeryNegative
The project was abandoned before completion. Review instance 35.,VeryNegative
The solution did not meet requirements and was unusable. Review instance 36.,VeryNegative
The solution did not meet requirements and was unusable. Review instance 37.,VeryNegative
Multiple promised features were never implemented. Review instance 38.,VeryNegative
Communication stopped for long periods during the project. Review instance 39.,VeryNegative
Multiple promised features were never implemented. Review instance 40.,VeryNegative
The solution did not meet requirements and was unusable. Review instance 41.,VeryNegative
Multiple promised features were never implemented. Review instance 42.,VeryNegative
The project was abandoned before completion. Review instance 43.,VeryNegative
The project was abandoned before completion. Review instance 44.,VeryNegative
Multiple promised features were never implemented. Review instance 45.,VeryNegative
Strong technical skills but several milestones were delayed. Review instance 1.,Mixed
Quality work overall but documentation could have been better. Review instance 2.,Mixed
Strong technical skills but several milestones were delayed. Review instance 3.,Mixed
The final result was good although communication was inconsistent. Review instance 4.,Mixed
The final result was good although communication was inconsistent. Review instance 5.,Mixed
Good outcome after significant revisions and feedback cycles. Review instance 6.,Mixed
Good outcome after significant revisions and feedback cycles. Review instance 7.,Mixed
Strong technical skills but several milestones were delayed. Review instance 8.,Mixed
The final result was good although communication was inconsistent. Review instance 9.,Mixed
Strong technical skills but several milestones were delayed. Review instance 10.,Mixed
The final result was good although communication was inconsistent. Review instance 11.,Mixed
The final result was good although communication was inconsistent. Review instance 12.,Mixed
The final result was good although communication was inconsistent. Review instance 13.,Mixed
The final result was good although communication was inconsistent. Review instance 14.,Mixed
Good outcome after significant revisions and feedback cycles. Review instance 15.,Mixed
Requirements were met but project updates were infrequent. Review instance 16.,Mixed
The final result was good although communication was inconsistent. Review instance 17.,Mixed
Quality work overall but documentation could have been better. Review instance 18.,Mixed
Requirements were met but project updates were infrequent. Review instance 19.,Mixed
Strong technical skills but several milestones were delayed. Review instance 20.,Mixed
The final result was good although communication was inconsistent. Review instance 21.,Mixed
The final result was good although communication was inconsistent. Review instance 22.,Mixed
The final result was good although communication was inconsistent. Review instance 23.,Mixed
Strong technical skills but several milestones were delayed. Review instance 24.,Mixed
Strong technical skills but several milestones were delayed. Review instance 25.,Mixed
Strong technical skills but several milestones were delayed. Review instance 26.,Mixed
Strong technical skills but several milestones were delayed. Review instance 27.,Mixed
The final result was good although communication was inconsistent. Review instance 28.,Mixed
Strong technical skills but several milestones were delayed. Review instance 29.,Mixed
Quality work overall but documentation could have been better. Review instance 30.,Mixed
Good outcome after significant revisions and feedback cycles. Review instance 31.,Mixed
Good outcome after significant revisions and feedback cycles. Review instance 32.,Mixed
Quality work overall but documentation could have been better. Review instance 33.,Mixed
The final result was good although communication was inconsistent. Review instance 34.,Mixed
Requirements were met but project updates were infrequent. Review instance 35.,Mixed
Strong technical skills but several milestones were delayed. Review instance 36.,Mixed
Requirements were met but project updates were infrequent. Review instance 37.,Mixed
Strong technical skills but several milestones were delayed. Review instance 38.,Mixed
Requirements were met but project updates were infrequent. Review instance 39.,Mixed
Requirements were met but project updates were infrequent. Review instance 40.,Mixed
Good outcome after significant revisions and feedback cycles. Review instance 41.,Mixed
The final result was good although communication was inconsistent. Review instance 42.,Mixed
Good outcome after significant revisions and feedback cycles. Review instance 43.,Mixed
Strong technical skills but several milestones were delayed. Review instance 44.,Mixed
Quality work overall but documentation could have been better. Review instance 45.,Mixed
